{
    "value0": {
        "cam.T_i_c": [
            {
                "px": 0.0,
                "py": 0.0,
                "pz": 0.0,
                "qx": 0.0,
                "qy": 0.0,
                "qz": 0.0,
                "qw": 1.0
            },
            {
                "px": 0.1100226307648611,
                "py": -0.0002883117629450557,
                "pz": 0.0002519373817563518,
                "qx": 0.007129648722668642,
                "qy": 0.0006308484199463837,
                "qz": 0.0010771978182017167,
                "qw": 0.9999738045490108
            }
        ],
        "cam.intrinsics": [
            {
                "cam_type": "kb4",
                "fx": 461.15819016326079,
                "fy": 459.8080285947974,
                "cx": 365.8972386901175,
                "cy": 249.35492318319005,
                "p1": -0.004593052532206353,
                "p2": 0.02753243203703237,
                "p3": -0.036977671771004177,
                "p4": 0.018610217245572545
            },
            {
                "cam_type": "kb4",
                "fx": 459.74480686519805,
                "fy": 458.35350534633889,
                "cx": 379.3639614954641,
                "cy": 256.04352542706246,
                "p1": 0.0045495886126797218,
                "p2": 0.002485490491607659,
                "p3": -0.010601348784729077,
                "p4": 0.010781041140893708
            }
        ]
    }
}
